"project_id","top_module","shuttle_id","first_submission_time"
"870","tt_um_cfib_demo","8","2024-09-02 11:09:38.307+00"
"859","tt_um_alexjaeger_ringoscillator","8","2024-09-02 08:01:39.918+00"
"873","tt_um_bytex64_munch","8","2024-09-02 02:32:51.941+00"
"846","tt_um_demosiine_sda","8","2024-09-02 02:12:18.65+00"
"885","tt_um_thexeno_rgbw_controller","8","2024-09-01 22:05:39.77+00"
"882","tt_um_simon_cipher","8","2024-09-01 18:17:35.669+00"
"880","tt_um_algofoogle_tt08_vga_fun","8","2024-09-01 12:51:16.949+00"
"879","tt_um_patater_demokit","8","2024-09-01 11:41:52.398+00"
"878","tt_um_tinytapeout_logo_screensaver","8","2024-09-01 09:12:56.912+00"
"877","tt_um_sign_addsub","8","2024-09-01 08:06:01.688+00"
"876","tt_um_analog_factory_test","8","2024-08-31 14:05:28.329+00"
"874","tt_um_roy1707018","8","2024-08-31 02:04:11.491+00"
"872","tt_um_a1k0n_vgadonut","8","2024-08-30 23:31:50.62+00"
"871","tt_um_vga_glyph_mode","8","2024-08-30 18:39:20.715+00"
"845","tt_um_tt08_wirecube","8","2024-08-30 09:17:29.198+00"
"865","tt_um_favoritohjs_scroller","8","2024-08-28 18:59:43.419+00"
"856","tt_um_08_sws","8","2024-08-28 08:00:39.59+00"
"868","tt_um_wokwi_407306064811090945","8","2024-08-27 19:59:51.71+00"
"866","tt_um_shuangyu_top","8","2024-08-27 08:27:35.039+00"
"857","tt_um_MichaelBell_canon","8","2024-08-26 16:09:10.529+00"
"861","tt_um_crispy_vga","8","2024-08-25 14:17:50.264+00"
"860","tt_um_quarren42_demoscene_top","8","2024-08-25 00:15:43.254+00"
"844","tt_um_toivoh_demo","8","2024-08-22 13:16:05.981+00"
"847","tt_um_tt08_aicd_playground","8","2024-08-22 07:08:29.178+00"
"843","tt_um_htfab_pi_snake","8","2024-08-18 12:40:07.942+00"
"842","tt_um_LnL_SoC","8","2024-08-14 03:19:27.693+00"
"835","tt_um_gfg_development_tinymandelbrot","8","2024-08-13 12:14:40.797+00"
"841","tt_um_ran_DanielZhu","8","2024-08-13 08:47:59.399+00"
"838","tt_um_jmack2201","8","2024-08-11 06:35:21.306+00"
"840","tt_um_zec_square1","8","2024-08-09 13:33:25.363+00"
"839","tt_um_rburt16_bias_generator","8","2024-08-08 22:56:24.295+00"
"837","tt_um_a1k0n_demo","8","2024-08-06 20:28:33.433+00"
"834","tt_um_rebeccargb_intercal_alu","8","2024-07-30 19:38:07.825+00"
"824","tt_um_kb2ghz_xalu","8","2024-07-30 19:10:51.517+00"
"833","tt_um_brandonramos_VGA_Pong_with_NES_Controllers","8","2024-07-29 21:20:40.088+00"
"826","tt_um_find_the_damn_issue","8","2024-07-22 12:05:52.34+00"
"822","tt_um_rebeccargb_hardware_utf8","8","2024-07-16 03:23:18.569+00"
"820","tt_um_mattvenn_rgb_mixer","8","2024-07-11 16:49:11.677+00"
"819","tt_um_rebeccargb_universal_decoder","8","2024-07-07 18:45:34.355+00"
"817","tt_um_urish_simon","8","2024-07-04 19:45:53.086+00"
"816","tt_um_mattvenn_r2r_dac_3v3","8","2024-07-04 17:00:02.55+00"
"812","tt_um_tommythorn_maxbw","8","2024-06-17 06:10:09.464+00"
"807","tt_um_rejunity_vga_logo","8","2024-06-12 21:28:11.885+00"
"804","tt_um_chip_rom","8","2024-06-10 07:53:22.578+00"
"805","tt_um_factory_test","8","2024-06-10 07:29:28.537+00"
"761","tt_um_alfiero88_CurrentTrigger","7",""
"759","tt_um_pa1mantri_cdc_fifo","7","2024-06-01 20:02:49.524+00"
"801","tt_um_vzayakov_top","7","2024-06-01 20:02:02.866+00"
"803","tt_um_8bitadder","7","2024-06-01 19:58:23.602+00"
"802","tt_um_rejunity_vga","7","2024-06-01 19:57:08.983+00"
"799","tt_um_thatoddmailbox","7","2024-06-01 19:55:27.075+00"
"780","tt_um_asinghani_tinywspr","7","2024-06-01 19:51:54.503+00"
"794","tt_um_rajum_iterativeMAC","7","2024-06-01 19:36:34.411+00"
"793","tt_um_spacecat_chan_john_pong_the_second","7","2024-06-01 19:32:35.459+00"
"760","tt_um_adia_psu_seq_test","7","2024-06-01 19:31:36.837+00"
"798","tt_um_davidparent_hdl","7","2024-06-01 19:19:36.047+00"
"797","tt_um_wokwi_399518371950068737","7","2024-06-01 19:18:32.128+00"
"796","tt_um_jleightcap","7","2024-06-01 18:53:51.187+00"
"795","tt_um_analog_rf_readout_circuit","7","2024-06-01 18:31:19.121+00"
"774","tt_um_nurirfansyah_alits02","7","2024-06-01 18:16:34.55+00"
"740","tt_um_cm_1","7","2024-06-01 17:29:17.924+00"
"792","tt_um_vga_snake","7","2024-06-01 17:25:11.516+00"
"783","tt_um_maxluppe_NIST","7","2024-06-01 15:25:07.639+00"
"790","tt_um_rejunity_ay8913","7","2024-06-01 15:24:14.286+00"
"789","tt_um_htfab_fprn","7","2024-06-01 14:02:21.983+00"
"787","tt_um_urish_charge_pump","7","2024-06-01 13:57:33.719+00"
"786","tt_um_toivoh_basilisc_2816_cpu_exp","7","2024-06-01 12:11:42.122+00"
"785","tt_um_wokwi_399488550855755777","7","2024-06-01 11:54:10.367+00"
"784","tt_um_pyamnihc_dummy_counter","7","2024-06-01 11:38:41.114+00"
"782","tt_um_maxluppe_digital_analog","7","2024-06-01 11:27:41.71+00"
"781","tt_um_mixed_signal_pulse_gen","7","2024-06-01 10:49:20.041+00"
"779","tt_um_wokwi_399469995038350337","7","2024-06-01 08:32:40.465+00"
"749","tt_um_emern_top","7","2024-06-01 06:46:31.974+00"
"778","tt_um_btflv_subleq","7","2024-06-01 06:42:48.525+00"
"777","tt_um_6bitaddr","7","2024-06-01 06:12:43.146+00"
"776","tt_um_adonairc_dda","7","2024-06-01 03:52:52.962+00"
"775","tt_um_wokwi_399447152724198401","7","2024-06-01 01:54:35.52+00"
"765","tt_um_pwm_elded","7","2024-06-01 01:17:28.562+00"
"696","tt_um_maheredia","7","2024-05-31 22:25:01.149+00"
"771","tt_um_wokwi_399169514887574529","7","2024-05-31 20:39:03.226+00"
"773","tt_um_wokwi_399336892246401025","7","2024-05-31 20:33:53.032+00"
"772","tt_um_algofoogle_raybox_zero","7","2024-05-31 20:23:45.758+00"
"770","tt_um_wokwi_399163158804194305","7","2024-05-31 19:43:27.173+00"
"769","tt_um_litneet64_ro_puf","7","2024-05-31 19:42:35.048+00"
"768","tt_um_PS_PWM","7","2024-05-31 19:41:02.149+00"
"767","tt_um_neural_network","7","2024-05-31 19:40:19.986+00"
"766","tt_um_lcasimon_tdc","7","2024-05-31 19:39:01.38+00"
"750","tt_um_CktA_InstAmp","7","2024-05-31 19:34:36.908+00"
"764","tt_um_unisnano","7","2024-05-31 17:27:04.775+00"
"744","tt_um_obriensp_pll","7","2024-05-31 16:53:06.738+00"
"763","tt_um_dvxf_dj8v_dac","7","2024-05-31 16:49:12.618+00"
"758","tt_um_mandelbrot_accel","7","2024-05-31 08:03:23.372+00"
"757","tt_um_delay_line_tmng","7","2024-05-31 07:18:02.933+00"
"756","tt_um_multiplier_mbm","7","2024-05-31 06:29:11.891+00"
"755","tt_um_tt7_meonwara","7","2024-05-31 02:39:34.377+00"
"741","tt_um_Saitama225_comp","7","2024-05-30 23:22:01.441+00"
"745","tt_um_KolosKoblasz_mixer","7","2024-05-30 20:18:03.055+00"
"753","tt_um_agurrier_mastermind","7","2024-05-30 19:57:17.726+00"
"751","tt_um_seanyen0_SIMON","7","2024-05-30 19:53:02.576+00"
"748","tt_um_template","7","2024-05-30 19:49:53.44+00"
"747","tt_um_lisa","7","2024-05-30 18:17:58.06+00"
"746","tt_um_VishalBingi_r2r_4b","7","2024-05-30 18:10:00.609+00"
"743","tt_um_njp_micro","7","2024-05-30 17:26:39.65+00"
"742","tt_um_xeniarose_sha256","7","2024-05-30 06:52:36.96+00"
"725","tt_um_dusterthefirst_project","7","2024-05-29 16:27:21.549+00"
"739","tt_um_wokwi_399192124046955521","7","2024-05-29 11:51:52.358+00"
"737","tt_um_mitssdd","7","2024-05-29 08:16:01.835+00"
"702","tt_um_dpetrisko_ttdll","7","2024-05-29 05:02:26.673+00"
"736","tt_um_underserved","7","2024-05-28 21:51:32.204+00"
"733","tt_um_urish_spell","7","2024-05-28 18:50:56.901+00"
"735","tt_um_tnt_diff_rx","7","2024-05-28 18:00:15.702+00"
"734","tt_um_lfsr","7","2024-05-28 14:26:20.254+00"
"722","tt_um_8bit_vector_compute_in_SRAM","7","2024-05-28 14:15:19.511+00"
"727","tt_um_afasolino","7","2024-05-28 10:39:29.38+00"
"732","tt_um_toivoh_basilisc_2816_cpu_OL2","7","2024-05-28 06:25:30.865+00"
"731","tt_um_28add11_QOAdecode","7","2024-05-27 22:27:41.892+00"
"730","tt_um_rtmc_top_jrpetrus","7","2024-05-27 21:43:41.516+00"
"728","tt_um_explorer","7","2024-05-27 12:20:52.473+00"
"726","tt_um_shadow1229_vga_player","7","2024-05-26 18:56:55.809+00"
"724","tt_um_mos_bandgap","7","2024-05-26 10:32:54.645+00"
"721","tt_um_riscv_spi_wrapper","7","2024-05-23 18:04:42.581+00"
"716","tt_um_rejunity_analog_dac_ay8913","7","2024-05-23 16:37:06.917+00"
"708","tt_um_serdes","7","2024-05-23 15:33:02.068+00"
"718","tt_um_router","7","2024-05-23 09:50:46.283+00"
"720","tt_um_fp_mac","7","2024-05-23 08:00:55.22+00"
"719","tt_um_ccattuto_conway","7","2024-05-23 07:40:32.055+00"
"717","tt_um_ejfogleman_smsdac8","7","2024-05-23 02:29:36.953+00"
"711","tt_um_jorga20j_prng","7","2024-05-22 20:47:31.199+00"
"688","tt_um_pongsagon_tiniest_gpu","7","2024-05-22 18:02:36.338+00"
"715","tt_um_drburke3_top","7","2024-05-22 16:57:49.597+00"
"713","tt_um_TD4_Assy_KosugiSubaru","7","2024-05-22 05:43:06.809+00"
"712","tt_um_adennen_inverter","7","2024-05-21 11:53:13.806+00"
"714","tt_um_tinytapeout_dvd_screensaver","7","2024-05-21 10:44:44.212+00"
"710","tt_um_calonso88_74181","7","2024-05-20 12:44:54.202+00"
"709","tt_um_vga_perlin","7","2024-05-19 16:35:58.204+00"
"706","tt_um_chess","7","2024-05-18 03:55:10.784+00"
"705","tt_um_revenantx86_tinytpu","7","2024-05-17 01:51:35.634+00"
"704","tt_um_brucemack_sb_mixer","7","2024-05-16 12:08:03.719+00"
"701","tt_um_twin_tee_opamp_osc","7","2024-05-14 14:38:13.814+00"
"700","tt_um_mini_aie_2x2","7","2024-05-14 11:58:05.395+00"
"687","tt_um_The_Chairman_send_receive","7","2024-05-13 17:13:53.325+00"
"695","tt_um_ccattuto_charmatrix","7","2024-05-13 16:02:16.626+00"
"694","tt_um_wokwi_397774697322214401","7","2024-05-13 13:42:47.172+00"
"693","tt_um_MichaelBell_rle_vga","7","2024-05-12 19:40:24.814+00"
"692","tt_um_toivoh_basilisc_2816","7","2024-05-12 10:54:37.52+00"
"691","tt_um_wokwi_397268065185737729","7","2024-05-11 15:26:36.423+00"
"690","tt_um_DanielZhu123","7","2024-05-11 15:22:29.088+00"
"689","tt_um_rnunes2311_12bit_sar_adc","7","2024-05-11 13:55:27.308+00"
"686","tt_um_ajstein_stopwatch","7","2024-05-10 20:10:48.811+00"
"672","tt_um_urish_simon","7","2024-05-09 20:02:25.27+00"
"685","tt_um_devinatkin_dual_oscillator","7","2024-05-09 17:35:23.457+00"
"684","tt_um_PUF","7","2024-05-09 13:48:20.073+00"
"683","tt_um_aidenfoxivey","7","2024-05-08 18:57:28.872+00"
"682","tt_um_vga_clock","7","2024-05-08 09:02:32.958+00"
"679","tt_um_Burrows_Katie","7","2024-05-07 17:47:50.186+00"
"681","tt_um_wokwi_397142450561071105","7","2024-05-07 00:04:41.201+00"
"680","tt_um_wokwi_397140982440144897","7","2024-05-07 00:04:31.537+00"
"678","tt_um_ender_clock","7","2024-05-06 10:35:18.39+00"
"675","tt_um_eater_8bit","7","2024-05-05 09:54:12.153+00"
"676","tt_um_analog_factory_test","7","2024-05-03 15:58:24.126+00"
"674","tt_um_macros77_subneg","7","2024-05-01 19:54:52.675+00"
"670","tt_um_kianv_bare_metal","7","2024-04-24 18:04:09.557+00"
"668","tt_um_rejunity_z80","7","2024-04-21 17:21:48.259+00"
"667","tt_um_factory_test","7","2024-04-21 14:20:04.861+00"
"666","tt_um_chip_rom","7","2024-04-21 14:17:21.187+00"
"665","tt_um_analog_factory_test","6","2024-04-20 21:44:19.236+00"
"664","tt_um_wokwi_395614106833794049","6","2024-04-19 19:57:08.105+00"
"463","tt_um_gray_sobel","6","2024-04-19 19:53:27.862+00"
"659","tt_um_sanojn_tlv2556_interface","6","2024-04-19 19:37:15.165+00"
"637","tt_um_petersn_micro1","6","2024-04-19 18:40:37.123+00"
"653","tt_um_hsc_tdc_mux","6","2024-04-19 18:35:54.845+00"
"655","tt_um_hsc_tdc_buf","6","2024-04-19 18:35:34.651+00"
"568","tt_um_voting_thingey","6","2024-04-19 18:31:57.073+00"
"658","tt_um_wokwi_395618714068432897","6","2024-04-19 18:18:54.174+00"
"657","tt_um_ancho","6","2024-04-19 17:58:14.318+00"
"656","tt_um_wokwi_395615790979120129","6","2024-04-19 17:50:21.851+00"
"654","tt_um_nicklausthompson_twi_monitor","6","2024-04-19 17:47:58.004+00"
"580","tt_um_PWM_Sine_UART","6","2024-04-19 17:33:49.194+00"
"433","tt_um_lancemitrex","6","2024-04-19 17:06:25.159+00"
"648","tt_um_koconnor_kstep","6","2024-04-19 17:06:17.614+00"
"651","tt_um_timer_counter_UGM","6","2024-04-19 17:05:11.748+00"
"644","tt_um_wokwi_390913889347409921","6","2024-04-19 16:48:41.687+00"
"652","tt_um_frq_divider","6","2024-04-19 16:42:50.984+00"
"650","tt_um_couchand_cora16","6","2024-04-19 16:28:32.105+00"
"649","tt_um_PWM_Controller","6","2024-04-19 16:23:25.998+00"
"646","tt_um_rejunity_fp4_mul_i8","6","2024-04-19 16:13:46.803+00"
"638","tt_um_rejunity_1_58bit","6","2024-04-19 15:54:42.304+00"
"643","tt_um_aleena","6","2024-04-19 15:32:38.63+00"
"645","tt_um_8bitALU","6","2024-04-19 15:18:51.426+00"
"641","tt_um_wokwi_395599496098067457","6","2024-04-19 14:43:43.927+00"
"640","tt_um_rng","6","2024-04-19 14:36:09.532+00"
"639","tt_um_I2C_to_SPI","6","2024-04-19 14:28:24.923+00"
"540","tt_um_wallace_hhrb98","6","2024-04-19 14:10:58.275+00"
"615","tt_um_array_multiplier_hhrb98","6","2024-04-19 14:10:20.682+00"
"560","tt_um_bit_ctrl","6","2024-04-19 13:28:56.117+00"
"626","tt_um_chatgpt_rsnn_paolaunisa","6","2024-04-19 12:40:32.151+00"
"634","tt_um_bomba1","6","2024-04-19 12:38:34.638+00"
"633","tt_um_duk_lif","6","2024-04-19 12:12:51.327+00"
"552","tt_um_fpu","6","2024-04-19 10:16:18.734+00"
"632","tt_um_wokwi_395522292785089537","6","2024-04-19 09:26:39.261+00"
"631","tt_um_ppca","6","2024-04-19 09:03:47.671+00"
"561","tt_um_nurirfansyah_alits01","6","2024-04-19 08:59:31.709+00"
"627","tt_um_simplez_rcoeurjoly","6","2024-04-19 08:04:24.931+00"
"625","tt_um_dlmiles_poc_fskmodem_hdlctrx","6","2024-04-19 06:04:44.82+00"
"620","tt_um_BoothMulti_hhrb98","6","2024-04-19 06:04:24.724+00"
"624","tt_um_hsc_tdc","6","2024-04-19 05:41:43.124+00"
"613","tt_um_gak25_8bit_cpu_ext","6","2024-04-19 05:22:38.637+00"
"623","tt_um_wokwi_395567106413190145","6","2024-04-19 05:21:22.71+00"
"621","tt_um_adammaj","6","2024-04-19 03:32:42.633+00"
"616","tt_um_mbalestrini_usb_cdc_devices","6","2024-04-19 03:32:01.719+00"
"549","tt_um_guitar_pedal","6","2024-04-19 03:11:13.873+00"
"619","tt_um_sap_1","6","2024-04-19 02:55:07.66+00"
"617","tt_um_ram","6","2024-04-19 02:12:59.134+00"
"604","tt_um_ALU_DECODERS","6","2024-04-19 02:07:50.928+00"
"614","tt_um_g3f","6","2024-04-19 01:15:03.503+00"
"612","tt_um_stepper","6","2024-04-19 01:13:54.776+00"
"610","tt_um_ss_register","6","2024-04-19 00:51:07.067+00"
"609","tt_um_PWM","6","2024-04-19 00:49:03.759+00"
"608","tt_um_S2P","6","2024-04-19 00:48:08.241+00"
"607","tt_um_CodHex7seg","6","2024-04-19 00:47:01.454+00"
"606","tt_um_mult_2b","6","2024-04-19 00:45:51.862+00"
"605","tt_um_motor","6","2024-04-19 00:44:06.402+00"
"602","tt_um_dr_skyler_clock","6","2024-04-19 00:39:44.859+00"
"603","tt_um_CDMA_Santiago","6","2024-04-19 00:36:33.817+00"
"601","tt_um_UABCReloj","6","2024-04-19 00:34:46.45+00"
"600","tt_um_topTDC","6","2024-04-19 00:33:50.051+00"
"599","tt_um_ALU","6","2024-04-19 00:29:22.28+00"
"594","tt_um_alfiero88_VCII","6","2024-04-19 00:28:09.695+00"
"598","tt_um_alu","6","2024-04-19 00:27:54.873+00"
"592","tt_um_wokwi_395355133883896833","6","2024-04-19 00:21:24.963+00"
"591","tt_um_wokwi_394640918790880257","6","2024-04-19 00:17:28.243+00"
"432","tt_um_DigitalClockTop","6","2024-04-19 00:02:34.835+00"
"586","tt_um_kevinwguan","6","2024-04-18 23:49:30.836+00"
"556","tt_um_dgkaminski","6","2024-04-18 22:00:38.133+00"
"424","tt_um_Uart_Transciver","6","2024-04-18 21:45:24.969+00"
"588","tt_um_wokwi_395179352683141121","6","2024-04-18 21:40:50.91+00"
"587","tt_um_MichaelBell_latch_mem","6","2024-04-18 21:34:22.118+00"
"574","tt_um_lk_ans_top","6","2024-04-18 20:47:17.991+00"
"584","tt_um_tommythorn_ncl_lfsr","6","2024-04-18 20:40:50.99+00"
"583","tt_um_dlmiles_muldiv8_sky130faha","6","2024-04-18 20:06:21.833+00"
"581","tt_um_dlmiles_muldiv8","6","2024-04-18 19:53:57.271+00"
"579","tt_um_ks_pyamnihc","6","2024-04-18 19:32:30.485+00"
"405","tt_um_faramire_stopwatch","6","2024-04-18 19:13:45.861+00"
"577","tt_um_3515_sequenceDetector","6","2024-04-18 18:56:11.78+00"
"576","tt_um_ADPCM_COMPRESSOR","6","2024-04-18 18:45:23.828+00"
"578","tt_um_wokwi_395514572866576385","6","2024-04-18 18:25:10.322+00"
"575","tt_um_otp_encryptor","6","2024-04-18 17:10:14.21+00"
"508","tt_um_wokwi_395054508867644417","6","2024-04-18 14:33:08.133+00"
"573","tt_um_Counter_1_shivam","6","2024-04-18 14:32:43.6+00"
"490","tt_um_mw73_pmic","6","2024-04-18 13:23:48.76+00"
"570","tt_um_wokwi_395034561853515777","6","2024-04-18 09:33:54.786+00"
"569","tt_um_ericsmi_weste_problem_4_11","6","2024-04-18 07:44:57.676+00"
"565","tt_um_wokwi_395055455727667201","6","2024-04-18 05:03:09.936+00"
"559","tt_um_ejfogleman_smsdac","6","2024-04-18 04:59:25.011+00"
"458","tt_um_SJ","6","2024-04-18 02:47:03.696+00"
"548","tt_um_wokwi_395061443288867841","6","2024-04-18 01:00:49.532+00"
"553","tt_um_qubitbytes_alive","6","2024-04-18 00:36:51.784+00"
"563","tt_um_loco_choco","6","2024-04-17 23:45:12.386+00"
"564","tt_um_rejunity_current_cmp","6","2024-04-17 23:38:49.576+00"
"467","tt_um_cejmu_riscv","6","2024-04-17 21:10:58.984+00"
"562","tt_um_drburke3_top","6","2024-04-17 20:33:12.226+00"
"542","tt_um_psychogenic_wowa","6","2024-04-17 19:55:43.5+00"
"558","tt_um_wokwi_395357890431011841","6","2024-04-17 17:05:59.24+00"
"465","tt_um_csit_luks","6","2024-04-17 15:23:41.869+00"
"557","tt_um_cmerrill_pdm","6","2024-04-17 14:57:39.804+00"
"543","tt_um_jorgenkraghjakobsen_toi2s","6","2024-04-17 13:04:24.914+00"
"554","tt_um_wokwi_395414987024660481","6","2024-04-17 12:59:33.521+00"
"550","tt_um_chisel_pong","6","2024-04-17 10:56:32.069+00"
"520","tt_um_htfab_flash_adc","6","2024-04-17 10:12:11.755+00"
"551","tt_um_silicon_tinytapeout_lm07","6","2024-04-17 09:37:30.703+00"
"544","tt_um_dvxf_dj8","6","2024-04-16 19:26:47.423+00"
"547","tt_um_wokwi_395263962779770881","6","2024-04-16 17:33:31.998+00"
"533","tt_um_rng_3_lucaz97","6","2024-04-16 14:38:21.666+00"
"541","tt_um_wokwi_394830069681034241","6","2024-04-16 04:46:38.753+00"
"538","tt_um_i_tree_batzolislefteris","6","2024-04-15 21:32:35.641+00"
"537","tt_um_lipsi_schoeberl","6","2024-04-15 21:14:18.629+00"
"536","tt_um_signed_unsigned_4x4_bit_multiplier","6","2024-04-15 21:02:49.213+00"
"472","tt_um_JamesTimothyMeech_inverter","6","2024-04-15 18:24:49.645+00"
"535","tt_um_couchand_dual_deque","6","2024-04-15 18:23:00.317+00"
"474","tt_um_MNSLab_BLDC","6","2024-04-15 18:12:30.795+00"
"534","tt_um_CKPope_top","6","2024-04-15 16:21:21.492+00"
"532","tt_um_wokwi_394707429798790145","6","2024-04-15 16:15:20.414+00"
"530","tt_um_lisa","6","2024-04-15 13:17:41.806+00"
"531","tt_um_exai_izhikevich_neuron","6","2024-04-15 12:28:39.052+00"
"529","tt_um_oscillating_bones","6","2024-04-15 08:39:26.984+00"
"505","tt_um_wokwi_395055722430895105","6","2024-04-15 05:51:37.054+00"
"528","tt_um_wuehr1999_servotester","6","2024-04-14 19:52:55.863+00"
"527","tt_um_nubcore_default_tape","6","2024-04-14 19:49:52.715+00"
"435","tt_um_wokwi_395134712676183041","6","2024-04-14 19:02:44.399+00"
"487","tt_um_aiju_8080","6","2024-04-14 18:31:31.134+00"
"526","tt_um_chisel_hello_schoeberl","6","2024-04-14 17:01:32.534+00"
"524","tt_um_wokwi_395142547244224513","6","2024-04-14 12:28:20.685+00"
"523","tt_um_triple_watchdog","6","2024-04-14 12:24:16.478+00"
"453","tt_um_emilian_rf_playground","6","2024-04-14 07:56:05.172+00"
"519","tt_um_minibyte","6","2024-04-14 06:17:32.129+00"
"522","tt_um_wokwi_393815624518031361","6","2024-04-13 21:07:54.352+00"
"518","tt_um_tiny_shader_mole99","6","2024-04-13 18:13:56.356+00"
"500","tt_um_pckys_game","6","2024-04-13 17:30:20.146+00"
"517","tt_um_disp1","6","2024-04-13 15:36:44.26+00"
"513","tt_um_wokwi_395055359324730369","6","2024-04-13 15:11:33.003+00"
"516","tt_um_s1pu11i_simple_nco","6","2024-04-13 14:17:45.826+00"
"514","tt_um_wokwi_395058308283408385","6","2024-04-13 14:14:16.149+00"
"515","tt_um_wokwi_395054466384583681","6","2024-04-13 14:11:12.803+00"
"507","tt_um_wokwi_395054564978002945","6","2024-04-13 14:03:54.109+00"
"511","tt_um_jduchniewicz_prng","6","2024-04-13 14:03:45.916+00"
"509","tt_um_wokwi_395055341723330561","6","2024-04-13 13:58:39.85+00"
"503","tt_um_wokwi_395054823837887489","6","2024-04-13 13:56:58.245+00"
"504","tt_um_wokwi_395054823569451009","6","2024-04-13 13:56:01.497+00"
"512","tt_um_wokwi_395055351144787969","6","2024-04-13 13:55:22.734+00"
"506","tt_um_wokwi_395055035944909825","6","2024-04-13 13:55:12.687+00"
"510","tt_um_wokwi_395054820631340033","6","2024-04-13 13:54:39.91+00"
"502","tt_um_wokwi_394618582085551105","6","2024-04-13 13:50:57.822+00"
"499","tt_um_wokwi_395444977868278785","6","2024-04-13 13:42:31.465+00"
"497","tt_um_kianV_rv32ima_uLinux_SoC","6","2024-04-13 10:08:42.41+00"
"496","tt_um_liu3hao_rv32e_min_mcu","6","2024-04-13 08:58:26.034+00"
"377","tt_um_fstolzcode","6","2024-04-13 08:47:09.563+00"
"495","tt_um_mitssdd","6","2024-04-13 05:02:55.538+00"
"494","tt_um_8bit_cpu","6","2024-04-13 03:20:23.964+00"
"484","tt_um_fdc_chip","6","2024-04-13 02:13:00.807+00"
"489","tt_um_argunda_tiny_opamp","6","2024-04-12 20:55:03.841+00"
"488","tt_um_wokwi_394898807123828737","6","2024-04-12 19:04:56.76+00"
"481","tt_um_aerox2_jrb8_computer","6","2024-04-12 16:04:57.02+00"
"486","tt_um_tommythorn_4b_cpu_v2","6","2024-04-12 06:36:16.092+00"
"485","tt_um_andrewtron3000","6","2024-04-12 03:38:54.179+00"
"450","tt_um_MATTHIAS_M_PAL_TOP_WRAPPER","6","2024-04-11 20:12:53.407+00"
"483","tt_um_QIF_8bit","6","2024-04-11 17:34:21.946+00"
"482","tt_um_wokwi_394888799427677185","6","2024-04-11 17:32:00.185+00"
"455","tt_um_meiniKi_tt06_fazyrv_exotiny","6","2024-04-11 15:41:05.572+00"
"466","tt_um_algofoogle_tt06_grab_bag","6","2024-04-11 14:11:50.415+00"
"480","tt_um_shivam","6","2024-04-11 13:53:37.571+00"
"478","tt_um_LFSR_shivam","6","2024-04-11 13:19:38.43+00"
"477","tt_um_obriensp_be8_nomacro","6","2024-04-11 00:21:15.468+00"
"475","tt_um_dsatizabal_opamp","6","2024-04-10 19:56:34.955+00"
"473","tt_um_fountaincoder_top","6","2024-04-10 12:04:46.34+00"
"421","tt_um_vks_pll","6","2024-04-10 07:39:31.241+00"
"470","tt_um_urish_spell","6","2024-04-09 21:49:37.814+00"
"469","tt_um_ian_keypad_controller","6","2024-04-09 20:04:17.825+00"
"468","tt_um_wokwi_394704587372210177","6","2024-04-09 18:35:47.52+00"
"464","tt_um_zhwa_rgb_mixer","6","2024-04-08 15:43:27.763+00"
"461","tt_um_neurocore","6","2024-04-07 17:09:46.791+00"
"462","tt_um_7seg_animated","6","2024-04-06 15:51:36.06+00"
"460","tt_um_ja1tye_tiny_cpu","6","2024-04-06 14:29:14.8+00"
"459","tt_um_devinatkin_fastreadout","6","2024-04-05 22:06:25.013+00"
"457","tt_um_spiff42_exp_led_pwm","6","2024-04-05 18:04:52.807+00"
"454","tt_um_kwilke_cdc_fifo","6","2024-04-05 15:38:45.561+00"
"456","tt_um_dieroller_nathangross1","6","2024-04-05 14:44:18.395+00"
"448","tt_um_lucaz97_rng_tests","6","2024-04-04 19:30:24.22+00"
"451","tt_um_SteffenReith_ASGTop","6","2024-04-03 18:58:13.987+00"
"449","tt_um_mattvenn_inverter","6","2024-04-02 17:30:48.183+00"
"445","tt_um_urish_charge_pump","6","2024-04-01 11:51:38.214+00"
"375","tt_um_toivoh_retro_console","6","2024-04-01 10:39:11.372+00"
"447","tt_um_obriensp_be8","6","2024-04-01 03:04:01.197+00"
"446","tt_um_vaf_555_timer","6","2024-03-30 21:29:33.825+00"
"444","tt_um_hpretl_tt06_tdc_v2","6","2024-03-29 22:50:37.164+00"
"443","tt_um_noritsuna_i4004","6","2024-03-29 09:52:24.454+00"
"434","tt_um_lucaz97_monobit","6","2024-03-25 16:03:36.143+00"
"441","tt_um_urish_dffram","6","2024-03-24 20:10:25.499+00"
"440","tt_um_sanojn_ttrpg_dice","6","2024-03-23 23:06:32.964+00"
"439","tt_um_scorbetta_goa","6","2024-03-21 10:52:20.303+00"
"438","tt_um_wokwi_392873974467527681","6","2024-03-20 22:02:19.203+00"
"436","tt_um_jv_sigdel","6","2024-03-20 17:59:14.982+00"
"431","tt_um_mattvenn_relax_osc","6","2024-03-19 08:40:29.335+00"
"430","tt_um_SteffenReith_PiMACTop","6","2024-03-18 20:27:04.286+00"
"423","tt_um_spi_pwm_djuara","6","2024-03-16 08:32:53.646+00"
"426","tt_um_wokwi_384437973887503361","6","2024-03-14 14:27:36.995+00"
"425","tt_um_hpretl_tt06_tdc","6","2024-03-14 12:19:50.588+00"
"422","tt_um_wokwi_384711264596377601","6","2024-03-11 10:34:54.784+00"
"413","tt_um_wokwi_384804985843168257","6","2024-03-09 18:39:43.499+00"
"419","tt_um_gabejessil_timer","6","2024-03-08 18:18:41.901+00"
"420","tt_um_enieman","6","2024-03-08 17:43:02.385+00"
"415","tt_um_drops","6","2024-03-07 09:56:16.37+00"
"414","tt_um_flappy_bird","6","2024-03-07 09:45:22.189+00"
"412","tt_um_4bit_cpu_with_fsm","6","2024-03-07 09:42:09.878+00"
"411","tt_um_rgbled_decoder","6","2024-03-05 11:59:51.788+00"
"410","tt_um_moving_average_master","6","2024-03-05 11:58:25.968+00"
"409","tt_um_seven_segment_fun1","6","2024-03-05 11:57:12.831+00"
"408","tt_um_entwurf_integrierter_schaltungen_hadner","6","2024-03-05 11:55:56.829+00"
"407","tt_um_analog_loopback","6","2024-03-04 21:03:07.668+00"
"406","tt_um_mattvenn_rgb_mixer","6","2024-03-04 13:53:59.005+00"
"404","tt_um_haeuslermarkus_fir_filter","6","2024-03-02 10:53:01.151+00"
"403","tt_um_hpretl_tt06_tempsens","6","2024-03-01 18:05:17.319+00"
"401","tt_um_calculator_muehlbb","6","2024-03-01 13:46:28.281+00"
"400","tt_um_ps2_morse_encoder_top","6","2024-03-01 13:45:41.755+00"
"399","tt_um_FanCTRL_DomnikBrandstetter","6","2024-03-01 13:44:55.045+00"
"398","tt_um_advanced_counter","6","2024-03-01 13:44:06.198+00"
"397","tt_um_mayrmichael_wave_generator","6","2024-03-01 13:43:14.764+00"
"396","tt_um_histefan_top","6","2024-03-01 13:42:09.574+00"
"395","tt_um_digitaler_filter_rathmayr","6","2024-03-01 13:40:16.068+00"
"394","tt_um_ledcontroller_Gatsch","6","2024-03-01 13:38:09.45+00"
"393","tt_um_soundgen","6","2024-03-01 13:36:08.345+00"
"390","tt_um_TT06_SAR_wulffern","6","2024-02-23 18:17:21.124+00"
"371","tt_um_urish_simon","6","2024-02-22 21:50:29.288+00"
"381","tt_um_faramire_gate_guesser","6","2024-02-22 13:24:00.391+00"
"378","tt_um_thorkn_audiochip_v2","6","2024-02-21 16:58:28.362+00"
"387","tt_um_mattvenn_r2r_dac","6","2024-02-21 10:01:03.521+00"
"386","tt_um_andychip1_sn74169","6","2024-02-21 02:47:02.94+00"
"385","tt_um_MichaelBell_tinyQV","6","2024-02-20 21:13:35.892+00"
"384","tt_um_tomkeddie_a","6","2024-02-19 18:35:41.268+00"
"382","tt_um_iron_violet_simon","6","2024-02-18 01:36:20.357+00"
"380","tt_um_alexsegura_pong","6","2024-02-12 17:12:30.612+00"
"372","tt_um_coloquinte_moosic","6","2024-01-30 13:07:16.171+00"
"370","tt_um_factory_test","6","2024-01-29 09:50:17.227+00"
"369","tt_um_chip_rom","6","2024-01-29 08:57:50.667+00"
"312","tt_um_wokwi_380409528895479809","5","2023-11-04 20:03:12.756+00"
"364","tt_um_mattngaw_fp8","5","2023-11-04 20:02:32.249+00"
"359","tt_um_chip_inventor_music__6_bit_count","5","2023-11-04 20:02:07.458+00"
"362","tt_um_4_bit_pipeline_multiplier","5","2023-11-04 20:01:43.429+00"
"358","tt_um_wokwi_380477805171811329","5","2023-11-04 20:01:14.744+00"
"366","tt_um_wokwi_380490286828784641","5","2023-11-04 19:49:48.254+00"
"363","tt_um_wokwi_380361576213660673","5","2023-11-04 19:43:08.673+00"
"360","tt_um_czlucius_alu","5","2023-11-04 19:26:39.998+00"
"361","tt_um_hh","5","2023-11-04 18:42:47.822+00"
"355","tt_um_digital_clock_sellicott","5","2023-11-04 18:28:40.655+00"
"357","tt_um_mvm_","5","2023-11-04 17:47:24.4+00"
"356","tt_um_dinogame","5","2023-11-04 17:18:34.121+00"
"354","tt_um_carlosgs99_cro_udg","5","2023-11-04 16:45:23.967+00"
"353","tt_um_rejunity_snn","5","2023-11-04 16:40:11.909+00"
"289","tt_um_wokwi_380412382001715201","5","2023-11-04 16:36:20.168+00"
"352","tt_um_wokwi_380465686251921409","5","2023-11-04 16:16:06.909+00"
"277","tt_um_prg","5","2023-11-04 15:36:49.132+00"
"351","tt_um_tkmheart","5","2023-11-04 14:48:41.978+00"
"350","tt_um_ks_pyamnihc","5","2023-11-04 14:34:47.434+00"
"320","tt_um_ja1tye_sound_generator","5","2023-11-04 13:54:37.831+00"
"254","tt_um_myuart","5","2023-11-04 12:59:07.411+00"
"275","tt_um_muncherkin_lioncage","5","2023-11-04 12:40:15.961+00"
"349","tt_um_seanvenadas","5","2023-11-04 11:00:31.445+00"
"348","tt_um_rejunity_ay8913","5","2023-11-04 10:00:21.093+00"
"347","tt_um_gharenthi_top","5","2023-11-04 09:06:08.581+00"
"346","tt_um_btflv_8bit_fp_adder","5","2023-11-04 09:03:46.604+00"
"341","tt_um_jkprz","5","2023-11-04 07:47:46.5+00"
"345","tt_um_uwuifier","5","2023-11-04 07:24:48.137+00"
"258","tt_um_hadirkhan10_lif_neuron","5","2023-11-04 07:11:22.118+00"
"344","tt_um_BNNNeuron","5","2023-11-04 07:00:03.39+00"
"340","tt_um_perceptron_neuromeme","5","2023-11-04 06:58:11.587+00"
"343","tt_um_suhrojo","5","2023-11-04 06:56:07.865+00"
"342","tt_um_asinghani_tinyscanchain_tt05","5","2023-11-04 06:46:11.182+00"
"338","tt_um_thermocouple","5","2023-11-04 06:33:47.763+00"
"339","tt_um_stdp","5","2023-11-04 06:25:33.93+00"
"322","tt_um_wokwi_380438365946734593","5","2023-11-04 06:19:09.373+00"
"259","tt_um_adaptive_lif","5","2023-11-04 06:16:08.484+00"
"252","tt_um_wta","5","2023-11-04 05:59:26.448+00"
"337","tt_um_seven_segment_seconds_ksandov4","5","2023-11-04 05:57:13.916+00"
"336","tt_um_wokwi_378231665807713281","5","2023-11-04 05:54:48.32+00"
"335","tt_um_rnn","5","2023-11-04 05:40:34.757+00"
"334","tt_um_SNN","5","2023-11-04 04:39:54.417+00"
"333","tt_um_perceptron","5","2023-11-04 04:24:31.761+00"
"332","tt_um_topLevel_derekabarca","5","2023-11-04 03:57:39.391+00"
"330","tt_um_perceptron_connorguzi","5","2023-11-04 03:28:12.569+00"
"323","tt_um_lif_n","5","2023-11-04 03:19:55.678+00"
"284","tt_um_jeffdi_seven_segment_seconds","5","2023-11-04 03:05:32.827+00"
"329","tt_um_rebel2_balanced_ternary_ALU","5","2023-11-04 02:28:56.745+00"
"328","tt_um_manjushettar","5","2023-11-04 02:04:09.168+00"
"327","tt_um_wokwi_379889284755158017","5","2023-11-04 01:57:33.8+00"
"326","tt_um_wokwi_379824923824476161","5","2023-11-04 01:55:40.312+00"
"325","tt_um_wokwi_379319062779062273","5","2023-11-04 01:54:17.103+00"
"271","tt_um_mv_mult_alrdelcr","5","2023-11-04 01:51:50.019+00"
"324","tt_um_freq_hcohensa","5","2023-11-04 01:22:08.715+00"
"321","tt_um_wokwi_380120751165092865","5","2023-11-04 00:07:45.398+00"
"308","tt_um_wokwi_380409169798008833","5","2023-11-03 23:58:07.017+00"
"319","tt_um_matrix_multiplier","5","2023-11-03 23:51:22.19+00"
"301","tt_um_wokwi_380408784463076353","5","2023-11-03 23:48:01.862+00"
"318","tt_um_7segx4_clock_abhishek_top","5","2023-11-03 23:41:51.061+00"
"317","tt_um_hodgkin_huxley","5","2023-11-03 23:37:06.453+00"
"316","tt_um_wokwi_380409904919056385","5","2023-11-03 23:24:32.651+00"
"314","tt_um_wokwi_380416616536542209","5","2023-11-03 23:22:24.972+00"
"315","tt_um_wokwi_380229599886002177","5","2023-11-03 23:21:46.593+00"
"313","tt_um_wokwi_380409236812508161","5","2023-11-03 23:19:51.174+00"
"306","tt_um_wokwi_380408409844584449","5","2023-11-03 23:12:54.514+00"
"311","tt_um_wokwi_380145600224164865","5","2023-11-03 23:11:40.495+00"
"309","tt_um_wokwi_380409568391147521","5","2023-11-03 23:09:53.957+00"
"307","tt_um_wokwi_380416361853146113","5","2023-11-03 23:02:03.477+00"
"305","tt_um_wokwi_380408455148316673","5","2023-11-03 23:01:48.063+00"
"296","tt_um_wokwi_380416099936681985","5","2023-11-03 22:58:21.501+00"
"302","tt_um_wokwi_380410498092232705","5","2023-11-03 22:58:04.871+00"
"304","tt_um_wokwi_380408486941145089","5","2023-11-03 22:57:51.074+00"
"303","tt_um_wokwi_380409488188706817","5","2023-11-03 22:57:05.388+00"
"300","tt_um_wokwi_380408594272345089","5","2023-11-03 22:53:44.318+00"
"297","tt_um_wokwi_380408396356749313","5","2023-11-03 22:50:31.279+00"
"298","tt_um_wokwi_380409481852161025","5","2023-11-03 22:48:54.895+00"
"291","tt_um_wokwi_380408823952452609","5","2023-11-03 22:48:54.099+00"
"299","tt_um_wokwi_380409393770716161","5","2023-11-03 22:47:25.021+00"
"288","tt_um_wokwi_380408774591779841","5","2023-11-03 22:40:46.15+00"
"295","tt_um_wokwi_380409369220404225","5","2023-11-03 22:40:18.108+00"
"294","tt_um_wokwi_380408936929183745","5","2023-11-03 22:39:50.308+00"
"293","tt_um_wokwi_380409532780455937","5","2023-11-03 22:39:08.734+00"
"292","tt_um_wokwi_380409019830656001","5","2023-11-03 22:38:18.078+00"
"290","tt_um_wokwi_380409086743445505","5","2023-11-03 22:36:32.606+00"
"287","tt_um_wokwi_380409081067502593","5","2023-11-03 22:35:03.108+00"
"286","tt_um_topModuleKA","5","2023-11-03 20:29:22.601+00"
"285","tt_um_lif","5","2023-11-03 20:25:24.801+00"
"283","tt_um_LSNN","5","2023-11-03 20:17:49.453+00"
"282","tt_um_jaylennee_wta_pwm","5","2023-11-03 20:00:15.677+00"
"276","tt_um_mihailocode_neural_network","5","2023-11-03 19:50:21.534+00"
"281","tt_um_diadatp_spigot_e","5","2023-11-03 19:43:08.181+00"
"280","tt_um_wokwi_380005495431181313","5","2023-11-03 18:40:46.341+00"
"273","tt_um_mvm","5","2023-11-03 18:22:09.642+00"
"279","tt_um_joerdsonsilva_top","5","2023-11-03 14:51:33.953+00"
"278","tt_um_wokwi_380197591775930369","5","2023-11-03 14:22:14.195+00"
"274","tt_um_toivoh_synth","5","2023-11-03 07:29:53.503+00"
"272","tt_um_synth_GyanepsaaS","5","2023-11-03 07:04:57.316+00"
"231","tt_um_rjmorgan11_calculator_chip","5","2023-11-03 07:04:15.666+00"
"270","tt_um_alu_chip","5","2023-11-03 07:00:19.451+00"
"269","tt_um_Fiona_CMU","5","2023-11-03 06:57:03.017+00"
"243","tt_um_reflex_game","5","2023-11-03 06:55:53.115+00"
"263","tt_um_retospect_neurochip","5","2023-11-03 06:52:50.536+00"
"268","tt_um_jmadden173_delta_modulation","5","2023-11-03 05:18:08.667+00"
"267","tt_um_Leaky_Integrate_Fire_nfjesifb","5","2023-11-03 04:57:33.09+00"
"266","tt_um_sap_1","5","2023-11-03 03:48:00.106+00"
"265","tt_um_jleugeri_ticktocktokens","5","2023-11-03 03:23:24.13+00"
"264","tt_um_if","5","2023-11-03 03:18:53.116+00"
"262","tt_um_hls_lfi","5","2023-11-03 03:07:08.372+00"
"261","tt_um_kskyou","5","2023-11-03 01:12:12.93+00"
"257","tt_um_chatgpt_snn_mtomlin5","5","2023-11-03 00:56:11.791+00"
"260","tt_um_EventFilter","5","2023-11-02 23:24:02.032+00"
"256","tt_um_njzhu_uart","5","2023-11-02 16:09:33.013+00"
"253","tt_um_tiny_game_of_life","5","2023-11-02 05:28:01.336+00"
"251","tt_um_supertails_tetris","5","2023-11-02 03:48:53.329+00"
"241","tt_um_wulf_8bit_vco","5","2023-11-02 03:48:42.183+00"
"250","tt_um_minipit_stevej","5","2023-11-02 02:44:12.249+00"
"247","tt_um_no_time_for_squares_tommythorn","5","2023-11-01 23:05:42.339+00"
"248","tt_um_cejmu","5","2023-11-01 22:35:35.652+00"
"246","tt_um_wrapper_inputblackboxoutput","5","2023-11-01 16:12:50.763+00"
"245","tt_um_mingkaic1_stack_machine","5","2023-11-01 14:33:06.031+00"
"244","tt_um_proppy_bytebeat","5","2023-11-01 12:16:47.257+00"
"229","tt_um_uabc_electronica_2023","5","2023-11-01 03:17:25.565+00"
"239","tt_um_wokwi_380119282165535745","5","2023-10-31 17:08:37.9+00"
"238","tt_um_wokwi_379764885531576321","5","2023-10-31 10:11:07.068+00"
"237","tt_um_dlmiles_tt05_i2c_bert","5","2023-10-31 09:43:12.916+00"
"236","tt_um_loopback_ericsmi","5","2023-10-31 08:34:52.066+00"
"235","tt_um_flappy_vga_cutout1","5","2023-10-31 07:29:15.684+00"
"233","tt_um_async_proc_paulschulz","5","2023-10-31 00:51:49.169+00"
"232","tt_um_wokwi_380055891603379201","5","2023-10-31 00:13:16.719+00"
"230","tt_um_nickjhay_processor","5","2023-10-30 23:16:20.092+00"
"228","tt_um_htfab_cell_tester","5","2023-10-30 15:53:28.027+00"
"193","tt_um_wokwi_376553022662786049","5","2023-10-30 13:36:07.981+00"
"226","tt_um_mabhari_seven_segment_seconds","5","2023-10-30 04:18:49.607+00"
"225","tt_um_gchenfc_seven_segment_gerry","5","2023-10-29 23:21:26.702+00"
"224","tt_um_rejunity_sn76489","5","2023-10-29 22:01:12.329+00"
"223","tt_um_psychogenic_shaman","5","2023-10-29 21:49:52.159+00"
"222","tt_um_vhdl_seven_segment_seconds","5","2023-10-29 15:20:46.394+00"
"221","tt_um_meriac_play_tune","5","2023-10-29 08:49:47.625+00"
"219","tt_um_urish_dffram","5","2023-10-28 21:22:26.011+00"
"208","tt_um_tomkeddie_a","5","2023-10-28 20:55:16.17+00"
"218","tt_um_matt_divider_test","5","2023-10-28 18:25:05.436+00"
"217","tt_um_clkdiv","5","2023-10-28 08:28:56.012+00"
"216","tt_um_GrayCounter_ariz207","5","2023-10-27 19:35:26.134+00"
"215","tt_um_top_mole99","5","2023-10-27 16:32:46.685+00"
"214","tt_um_urish_skullfet","5","2023-10-27 15:39:20.865+00"
"213","tt_um_haozhezhu_top","5","2023-10-27 14:11:58.438+00"
"212","tt_um_gfg_development_tros","5","2023-10-27 09:18:28.655+00"
"211","tt_um_yubex_metastability_experiment","5","2023-10-26 19:33:03.349+00"
"210","tt_um_multiplexed_clock","5","2023-10-26 19:22:19.566+00"
"207","tt_um_MichaelBell_spi_peri","5","2023-10-24 17:43:25.175+00"
"209","tt_um_tt05_analog_test","5","2023-10-24 11:03:40.87307+00"
"206","tt_um_kianV_rv32ima_uLinux_SoC","5","2023-10-22 20:22:22.794+00"
"205","tt_um_urish_simon","5","2023-10-21 12:48:37.987+00"
"204","tt_um_morningjava_top","5","2023-10-18 03:19:46.296+00"
"203","tt_um_urish_silife_max","5","2023-10-17 04:55:42.919+00"
"202","tt_um_rgb_mixer","5","2023-10-16 11:54:49.748+00"
"201","tt_um_urish_ringosc_cnt","5","2023-10-15 13:09:23.031+00"
"200","tt_um_frequency_counter","5","2023-10-15 11:03:42.97+00"
"199","tt_um_seven_segment_seconds","5","2023-10-14 15:29:27.815+00"
"198","tt_um_vga_clock","5","2023-10-14 14:35:36.011+00"
"197","tt_um_urish_silife","5","2023-10-14 11:56:50.839+00"
"196","tt_um_sunaofurukawa_cpu_8bit","5","2023-10-14 02:05:14.328+00"
"195","tt_um_wokwi_377426511818305537","5","2023-10-12 14:26:32.892+00"
"194","tt_um_devinatkin_stopwatch","5","2023-10-12 04:24:45.181+00"
"192","tt_um_algofoogle_vga_spi_rom","5","2023-10-09 07:16:17.813+00"
"190","tt_um_rtfb_collatz","5","2023-10-04 10:14:41.479+00"
"189","tt_um_blink","5","2023-10-04 07:04:43.621+00"
"188","tt_um_himanshu5_prog_chipTop","5","2023-10-01 20:18:56.907+00"
"186","tt_um_ttl74hc595_v2","5","2023-09-29 22:48:56.559+00"
"185","tt_um_rejunity_rule110","5","2023-09-28 14:06:07.534+00"
"184","tt_um_chip_rom","5","2023-09-15 04:55:54.266+00"
"183","tt_um_psychogenic_neptuneproportional","5","2023-09-14 11:30:20.887+00"
"182","tt_um_loopback","5","2023-09-13 14:45:04.511+00"
"181","tt_um_factory_test","5","2023-09-13 12:39:32.219+00"
"175","tt_um_kpwebb_adder","4","2023-09-08 20:21:13.443+00"
"173","tt_um_rejunity_telluride2023_neuron","4","2023-09-08 20:19:37.304+00"
"179","tt_um_wokwi_375248885704300545","4","2023-09-08 19:57:19.426+00"
"174","tt_um_chiplet_jtag","4","2023-09-08 19:44:46.811+00"
"172","tt_um_wokwi_375326293008530433","4","2023-09-08 19:09:42.681+00"
"116","tt_um_quardinlyttle_top","4","2023-09-08 18:55:53.735+00"
"169","tt_um_wokwi_375310871188385793","4","2023-09-08 18:00:00.51+00"
"157","tt_um_wokwi_375288605206694913","4","2023-09-08 17:43:44.301+00"
"166","tt_um_rebot449_lingret_ALU_Top","4","2023-09-08 17:35:16.806+00"
"167","tt_um_zeptobars","4","2023-09-08 17:28:43.818+00"
"139","tt_um_machinaut_systolic","4","2023-09-08 17:14:18.859+00"
"165","tt_um_wokwi_375300958229329921","4","2023-09-08 16:33:29.146+00"
"164","tt_um_wokwi_375227079413963777","4","2023-09-08 16:28:11.234+00"
"163","tt_um_i2c","4","2023-09-08 16:15:25.344+00"
"78","tt_um_sahrdayalfsr","4","2023-09-08 16:05:32.334+00"
"162","tt_um_FreqMeter_Juan_Garcial","4","2023-09-08 16:03:02.329+00"
"161","tt_um_priority_decoder_Juan_Garcial","4","2023-09-08 16:00:55.05+00"
"160","tt_um_BounceFSM_RSX92","4","2023-09-08 15:57:10.256+00"
"158","tt_um_rs_write_decodifier_fjrn_cinvestav","4","2023-09-08 15:52:21.926+00"
"138","tt_um_dlmiles_muldiv4","4","2023-09-08 14:36:54.669+00"
"156","tt_um_uninorte","4","2023-09-08 14:16:05.933+00"
"25","tt_um_mgyenik_bfcpu","4","2023-09-08 13:24:04.399+00"
"140","tt_um_thezoq2_tmng","4","2023-09-08 12:14:44.43+00"
"155","tt_um_fabian","4","2023-09-08 12:06:34.973+00"
"154","tt_um_pwl_RaulprTech","4","2023-09-08 12:04:07.101+00"
"153","tt_um_divider_urielcho","4","2023-09-08 12:03:00.301+00"
"152","tt_um_santiago","4","2023-09-08 11:58:44.603+00"
"151","tt_um_onehot","4","2023-09-08 11:54:37.134+00"
"150","tt_um_control","4","2023-09-08 11:51:58.408+00"
"149","tt_um_ciro","4","2023-09-08 11:45:52.262+00"
"148","tt_um_mod_u_cnt_BCD","4","2023-09-08 11:44:28.78+00"
"147","tt_um_alu4_alonso59","4","2023-09-08 11:42:56.953+00"
"146","tt_um_shift","4","2023-09-08 11:41:39.509+00"
"145","tt_um_silva","4","2023-09-08 11:40:05.497+00"
"144","tt_um_wokwi_375165100039571457","4","2023-09-08 11:38:41.89+00"
"143","tt_um_wokwi_375163050120587265","4","2023-09-08 11:37:18.376+00"
"142","tt_um_wokwi_375174630101280769","4","2023-09-08 11:36:04.657+00"
"141","tt_um_darkfsegura_collatz","4","2023-09-08 11:34:22.961+00"
"121","tt_um_ternaryPC_radixconvert","4","2023-09-08 11:31:34.522+00"
"136","tt_um_algofoogle_raybox_zero","4","2023-09-08 10:03:40.499+00"
"135","tt_um_wokwi_374636462642973697","4","2023-09-08 03:13:56.484+00"
"134","tt_um_wokwi_375245713375900673","4","2023-09-08 03:09:10.504+00"
"133","tt_um_wokwi_375217288209912833","4","2023-09-08 03:07:41.083+00"
"132","tt_um_wokwi_375246321309880321","4","2023-09-08 03:03:57.496+00"
"130","tt_um_simple_processor_pablopabota","4","2023-09-08 02:55:03.201+00"
"129","tt_um_CPU","4","2023-09-08 02:51:59.291+00"
"127","tt_um_wokwi_374778387606763521","4","2023-09-08 02:41:32.029+00"
"126","tt_um_wokwi_375042398768251905","4","2023-09-08 02:37:26.184+00"
"125","tt_um_FSM","4","2023-09-08 02:30:17.319+00"
"124","tt_um_USM_temp_sens_hyst","4","2023-09-08 02:27:24.221+00"
"123","tt_um_rodrigomunoz1_rotempsensor_top","4","2023-09-08 02:24:48.564+00"
"122","tt_um_wokwi_375176944142127105","4","2023-09-08 02:21:55.271+00"
"54","tt_um_wokwi_372347167704674305","4","2023-09-07 21:23:52.475+00"
"120","tt_um_riceshelley_tinyFPGA","4","2023-09-07 21:09:18.873+00"
"118","tt_um_top","4","2023-09-07 20:23:44.691+00"
"115","tt_um_biased_trng","4","2023-09-07 17:24:37.847+00"
"73","tt_um_wokwi_375061599421794305","4","2023-09-07 17:18:18.17+00"
"61","tt_um_wokwi_374969806854695937","4","2023-09-07 14:59:36.424+00"
"49","tt_um_adriannovosel_top","4","2023-09-07 13:36:32.025+00"
"98","tt_um_LEOGLM_hamming_code_top","4","2023-09-07 13:17:43.408+00"
"112","tt_um_dandy_dance","4","2023-09-07 13:10:39.053+00"
"60","tt_um_pong_neopixel","4","2023-09-07 11:32:40.032+00"
"53","tt_um_alu","4","2023-09-07 11:30:30.648+00"
"57","tt_um_wokwi_374909346558831617","4","2023-09-07 11:29:05.251+00"
"109","tt_um_wokwi_374515580784897025","4","2023-09-07 08:51:58.288+00"
"108","tt_um_wokwi_374903567624066049","4","2023-09-07 08:47:10.132+00"
"107","tt_um_wokwi_374815911155542017","4","2023-09-07 08:44:13.564+00"
"106","tt_um_wokwi_374974793636964353","4","2023-09-07 08:42:39.451+00"
"105","tt_um_wokwi_374967675785369601","4","2023-09-07 08:40:52.112+00"
"104","tt_um_wokwi_374968111036708865","4","2023-09-07 08:39:33.873+00"
"103","tt_um_wokwi_370011087462055937","4","2023-09-07 08:32:21.733+00"
"102","tt_um_ccollatz_SergioOliveros","4","2023-09-07 08:28:33.272+00"
"101","tt_um_ALU_NicolasOrcasitas","4","2023-09-07 08:23:56.993+00"
"100","tt_um_adder_NestorMatajira","4","2023-09-07 08:20:43.755+00"
"99","tt_um_dlmiles_tt04_poc_usbdev","4","2023-09-07 06:10:13.054+00"
"97","tt_um_ja_TrafficLight","4","2023-09-07 06:02:54.462+00"
"96","tt_um_RS_Vfreq","4","2023-09-07 06:01:14.855+00"
"95","tt_um_db_PWM","4","2023-09-07 05:57:42.331+00"
"94","tt_um_fing_synchronizer_hga","4","2023-09-07 05:56:17.861+00"
"93","tt_um_chip_SP_Soy_de_Zacapa","4","2023-09-07 05:53:39.781+00"
"92","tt_um_chip_SP_measure_delay","4","2023-09-07 05:50:42.564+00"
"91","tt_um_pwm","4","2023-09-07 05:47:59.18+00"
"89","tt_um_MultiPatternLEDSequencer_RSYO3000","4","2023-09-07 05:32:42.208+00"
"88","tt_um_RELOG_10M_Juan_Garcial","4","2023-09-07 05:31:06.277+00"
"87","tt_um_4_LUT_Baungarten","4","2023-09-07 05:21:18.862+00"
"86","tt_um_santacrc_tamagotchi","4","2023-09-07 01:29:11.93+00"
"84","tt_um_fir_top","4","2023-09-07 01:18:59.96+00"
"85","tt_um_losaias","4","2023-09-07 01:15:19.836+00"
"83","tt_um_htfab_rotfpga2","4","2023-09-06 18:37:22.836+00"
"47","tt_um_wokwi_369864099838656513","4","2023-09-06 16:12:17.841+00"
"80","tt_um_fm_transmitter","4","2023-09-06 15:36:52.392+00"
"79","tt_um_noritsuna_8bitcounter_AI","4","2023-09-06 13:17:46.284+00"
"77","tt_um_wokwi_347417602591556180","4","2023-09-06 02:52:59.345+00"
"75","tt_um_wokwi_347140425276981843","4","2023-09-06 02:46:28.401+00"
"76","tt_um_wokwi_347497504164545108","4","2023-09-06 02:46:12.997+00"
"74","tt_um_wokwi_347144898258928211","4","2023-09-06 02:28:53.994+00"
"72","tt_um_ks_pyamnihc","4","2023-09-05 21:04:34.663+00"
"62","tt_um_wokwi_374494377414857729","4","2023-09-05 19:03:55.959+00"
"71","tt_um_wokwi_370690644715216897","4","2023-09-05 15:37:07.552+00"
"70","tt_um_wokwi_374962052813090817","4","2023-09-05 15:00:59.534+00"
"69","tt_um_wokwi_371425977920989185","4","2023-09-05 14:30:15.644+00"
"67","tt_um_wokwi_370709383347782657","4","2023-09-05 14:23:54.958+00"
"66","tt_um_wokwi_370796071922577409","4","2023-09-05 14:22:04.902+00"
"64","tt_um_wokwi_370722051572189185","4","2023-09-05 14:18:55.48+00"
"63","tt_um_robojan_pong_top","4","2023-09-05 07:21:46.133+00"
"55","tt_um_phansel_laplace_lut","4","2023-09-05 05:05:25.233+00"
"7","tt_um_eldritch_pwm_peripheral","4","2023-09-05 03:59:30.393+00"
"52","tt_um_fifo_stevej","4","2023-09-05 01:10:17.207+00"
"26","tt_um_mjbella_led_matrix_driver","4","2023-09-05 00:36:52.474+00"
"38","tt_um_tomkeddie_a","4","2023-09-04 20:30:26.16+00"
"58","tt_um_led_multiplexer_display","4","2023-09-04 16:19:11.191+00"
"56","tt_um_wokwi_374292646686728193","4","2023-09-03 09:26:15.083+00"
"51","tt_um_f_hal_fft","4","2023-08-31 18:54:21.566+00"
"28","tt_um_simplepiano","4","2023-08-31 16:50:01.145+00"
"50","tt_um_ashleyjr_delay_line","4","2023-08-30 22:07:11.292+00"
"48","tt_um_wokwi_370533670565165057","4","2023-08-30 19:24:41.146+00"
"42","tt_um_jayraj4021_SAP1_cpu","4","2023-08-28 18:05:04.634+00"
"44","tt_um_jk2102","4","2023-08-28 14:39:49.653+00"
"43","tt_um_wokwi_374140166551523329","4","2023-08-27 21:01:25.31+00"
"40","tt_um_wokwi_374029622762967041","4","2023-08-25 12:19:55.808+00"
"39","tt_um_thorkn_pwmaudio","4","2023-08-25 07:23:21.224+00"
"32","tt_um_rgb_mixer","4","2023-08-22 09:56:27.453+00"
"31","tt_um_dcb277_ALU","4","2023-08-21 15:59:34.923+00"
"30","tt_um_tiny_processor","4","2023-08-20 15:55:17.903+00"
"29","tt_um_yeokm1_pwm_audio","4","2023-08-20 02:49:49.196+00"
"27","tt_um_currymottled","4","2023-08-16 12:27:11.888+00"
"20","tt_um_wokwi_372184284115580929","4","2023-08-07 09:24:52.253+00"
"19","tt_um_urish_usb_cdc","4","2023-08-01 06:04:58.395+00"
"18","tt_um_urish_simon","4","2023-07-31 12:46:39.354+00"
"15","tt_um_MichaelBell_nanoV","4","2023-07-30 19:20:58.427+00"
"17","tt_um_morningjava_top","4","2023-07-30 16:46:20.305+00"
"16","tt_um_wokwi_371604537887211521","4","2023-07-29 18:02:49.756+00"
"14","tt_um_devinatkin_arduino_vga","4","2023-07-28 14:20:29.106+00"
"13","tt_um_vc_cpu","4","2023-07-28 06:09:07.923+00"
"12","tt_um_bulls_and_cows","4","2023-07-26 18:20:03.278+00"
"11","tt_um_sorter","4","2023-07-26 17:59:33.525+00"
"8","tt_um_marno_factorize","4","2023-07-24 11:14:37.39+00"
"3","tt_um_seven_segment_seconds","4","2023-07-24 09:58:12.049818+00"
"2","tt_um_vga_clock","4","2023-07-24 09:57:48.849136+00"
"4","tt_um_robojan_top","4","2023-07-22 19:40:55.508+00"
"6","tt_um_chip_rom","4","2023-07-21 13:15:04.867+00"
"5","tt_um_loopback","4","2023-07-21 13:14:43.793139+00"
"1","tt_um_factory_test","4","2023-07-21 13:11:06.393437+00"